feature_id,run_id,mz,rt,area
R001_F0001,R001,301.123456,312.4,154321.2
R001_F0002,R001,445.234567,313.1,53211.0
R001_F0003,R001,150.045678,115.8,10342.5
